id,name
1,flakes
2,corn
3,corn
4,corn
5,corn
6,corn
7,corn
8,corn
9,corn
10,corn
11,corn
12,corn
13,corn
14,corn
15,corn
16,corn
17,corn
18,corn
19,corn
20,corn
21,corn
22,corn
23,corn
24,corn
25,corn
26,corn
27,corn
28,corn
29,corn
30,corn
31,corn
32,corn
33,corn
34,corn
35,corn
36,corn
37,corn
38,corn
39,corn
40,corn
41,corn
42,corn
43,corn
44,corn
45,corn
46,corn
47,corn
48,corn
49,corn
50,corn
51,corn
52,corn
53,corn
54,corn
55,corn
56,corn
57,corn
58,corn
59,corn
60,corn
61,corn
62,corn
63,corn
64,corn
65,corn
66,corn
67,corn
68,corn
69,corn
70,corn
71,corn
72,corn
73,corn
74,corn
75,corn
76,corn
77,corn
78,corn
79,corn
80,corn
81,corn
82,corn
83,corn
84,corn
85,corn
86,corn
87,corn
88,corn
89,corn
90,flakes
91,nuts
92,big
93,boss
94,candy
95,crush
96,dakjdasjkfjkashfkjashfjkashfkaj
97,why
98,I
99,Wheat : this product is being used as staple food 
100,Wheat : this product is being used as staple food 
